[{"model": "admin.logentry", "pk": 1, "fields": {"action_time": "2023-01-31T12:21:08.314Z", "user": 1, "content_type": 6, "object_id": "1", "object_repr": "Shirts", "action_flag": 1, "change_message": "[{\"added\": {}}]"}}, {"model": "admin.logentry", "pk": 2, "fields": {"action_time": "2023-01-31T12:25:12.176Z", "user": 1, "content_type": 6, "object_id": "2", "object_repr": "Jeans", "action_flag": 1, "change_message": "[{\"added\": {}}]"}}, {"model": "admin.logentry", "pk": 3, "fields": {"action_time": "2023-01-31T16:20:02.785Z", "user": 1, "content_type": 6, "object_id": "3", "object_repr": "shoes", "action_flag": 1, "change_message": "[{\"added\": {}}]"}}, {"model": "admin.logentry", "pk": 4, "fields": {"action_time": "2023-01-31T16:22:40.739Z", "user": 1, "content_type": 8, "object_id": "1", "object_repr": "ATX Jeans", "action_flag": 1, "change_message": "[{\"added\": {}}]"}}, {"model": "admin.logentry", "pk": 5, "fields": {"action_time": "2023-01-31T16:24:37.358Z", "user": 1, "content_type": 8, "object_id": "2", "object_repr": "Solid Blue Shirt", "action_flag": 1, "change_message": "[{\"added\": {}}]"}}, {"model": "admin.logentry", "pk": 6, "fields": {"action_time": "2023-01-31T16:26:12.996Z", "user": 1, "content_type": 8, "object_id": "3", "object_repr": "Jordan True Flight Basketball Shoes", "action_flag": 1, "change_message": "[{\"added\": {}}]"}}, {"model": "admin.logentry", "pk": 7, "fields": {"action_time": "2023-01-31T18:31:34.352Z", "user": 1, "content_type": 6, "object_id": "1", "object_repr": "Shirts", "action_flag": 2, "change_message": "[{\"changed\": {\"fields\": [\"Slug\"]}}]"}}, {"model": "admin.logentry", "pk": 8, "fields": {"action_time": "2023-02-01T05:31:18.896Z", "user": 1, "content_type": 8, "object_id": "2", "object_repr": "Solid Blue Shirt", "action_flag": 2, "change_message": "[{\"changed\": {\"fields\": [\"Stock\"]}}]"}}, {"model": "admin.logentry", "pk": 9, "fields": {"action_time": "2023-02-01T10:27:47.351Z", "user": 1, "content_type": 6, "object_id": "4", "object_repr": "Jackets", "action_flag": 1, "change_message": "[{\"added\": {}}]"}}, {"model": "admin.logentry", "pk": 10, "fields": {"action_time": "2023-02-01T10:27:49.887Z", "user": 1, "content_type": 8, "object_id": "4", "object_repr": "US POLO ASSN Jacket", "action_flag": 1, "change_message": "[{\"added\": {}}]"}}, {"model": "admin.logentry", "pk": 11, "fields": {"action_time": "2023-02-01T17:28:57.726Z", "user": 1, "content_type": 7, "object_id": "2", "object_repr": "uday123@gmail.com", "action_flag": 3, "change_message": ""}}, {"model": "admin.logentry", "pk": 12, "fields": {"action_time": "2023-02-01T17:32:23.076Z", "user": 1, "content_type": 7, "object_id": "3", "object_repr": "uday123@gmail.com", "action_flag": 3, "change_message": ""}}, {"model": "admin.logentry", "pk": 13, "fields": {"action_time": "2023-02-01T18:19:21.024Z", "user": 1, "content_type": 7, "object_id": "4", "object_repr": "uday123@gmail.com", "action_flag": 3, "change_message": ""}}, {"model": "admin.logentry", "pk": 14, "fields": {"action_time": "2023-02-01T18:53:32.729Z", "user": 1, "content_type": 7, "object_id": "5", "object_repr": "Uday123@gmail.com", "action_flag": 2, "change_message": "[{\"changed\": {\"fields\": [\"Is active\"]}}]"}}, {"model": "admin.logentry", "pk": 15, "fields": {"action_time": "2023-02-01T18:54:47.528Z", "user": 1, "content_type": 7, "object_id": "5", "object_repr": "Uday123@gmail.com", "action_flag": 3, "change_message": ""}}, {"model": "admin.logentry", "pk": 16, "fields": {"action_time": "2023-02-01T19:19:23.161Z", "user": 1, "content_type": 7, "object_id": "6", "object_repr": "kushalsai1998@gmail.com", "action_flag": 3, "change_message": ""}}, {"model": "admin.logentry", "pk": 17, "fields": {"action_time": "2023-02-02T03:57:56.338Z", "user": 1, "content_type": 7, "object_id": "7", "object_repr": "kushalsai1998@gmail.com", "action_flag": 3, "change_message": ""}}, {"model": "admin.logentry", "pk": 18, "fields": {"action_time": "2023-02-02T04:05:31.027Z", "user": 1, "content_type": 7, "object_id": "8", "object_repr": "kushalsai1998@gmail.com", "action_flag": 3, "change_message": ""}}, {"model": "admin.logentry", "pk": 19, "fields": {"action_time": "2023-02-02T04:08:57.702Z", "user": 1, "content_type": 7, "object_id": "9", "object_repr": "kushalsai1998@gmail.com", "action_flag": 3, "change_message": ""}}, {"model": "admin.logentry", "pk": 20, "fields": {"action_time": "2023-02-02T04:10:24.907Z", "user": 1, "content_type": 7, "object_id": "10", "object_repr": "kushalsai1998@gmail.com", "action_flag": 3, "change_message": ""}}, {"model": "admin.logentry", "pk": 21, "fields": {"action_time": "2023-02-02T04:20:38.882Z", "user": 1, "content_type": 7, "object_id": "11", "object_repr": "kushalsai1998@gmail.com", "action_flag": 3, "change_message": ""}}, {"model": "admin.logentry", "pk": 22, "fields": {"action_time": "2023-02-02T04:21:28.532Z", "user": 1, "content_type": 7, "object_id": "12", "object_repr": "kushalsai1998@gmail.com", "action_flag": 3, "change_message": ""}}, {"model": "admin.logentry", "pk": 23, "fields": {"action_time": "2023-02-02T04:37:52.039Z", "user": 1, "content_type": 7, "object_id": "13", "object_repr": "kushalsai1998@gmail.com", "action_flag": 3, "change_message": ""}}, {"model": "admin.logentry", "pk": 24, "fields": {"action_time": "2023-02-02T04:44:30.928Z", "user": 1, "content_type": 7, "object_id": "14", "object_repr": "kushalsai1998@gmail.com", "action_flag": 3, "change_message": ""}}, {"model": "admin.logentry", "pk": 25, "fields": {"action_time": "2023-02-02T06:14:08.198Z", "user": 1, "content_type": 7, "object_id": "15", "object_repr": "hdb@gmail.com", "action_flag": 3, "change_message": ""}}, {"model": "admin.logentry", "pk": 26, "fields": {"action_time": "2023-02-02T06:15:46.063Z", "user": 1, "content_type": 7, "object_id": "16", "object_repr": "kushalsai1998@gmail.com", "action_flag": 3, "change_message": ""}}, {"model": "admin.logentry", "pk": 27, "fields": {"action_time": "2023-02-02T06:16:54.534Z", "user": 1, "content_type": 7, "object_id": "17", "object_repr": "asdfgh@gmal.xdom", "action_flag": 3, "change_message": ""}}, {"model": "admin.logentry", "pk": 28, "fields": {"action_time": "2023-02-02T06:20:14.388Z", "user": 1, "content_type": 7, "object_id": "18", "object_repr": "asdfgh@gmal.xdom", "action_flag": 3, "change_message": ""}}, {"model": "admin.logentry", "pk": 29, "fields": {"action_time": "2023-02-02T06:37:59.574Z", "user": 1, "content_type": 7, "object_id": "20", "object_repr": "asdfghj@asdfgh.dfg", "action_flag": 3, "change_message": ""}}, {"model": "admin.logentry", "pk": 30, "fields": {"action_time": "2023-02-02T06:37:59.579Z", "user": 1, "content_type": 7, "object_id": "19", "object_repr": "kushalsai1998@gmail.com", "action_flag": 3, "change_message": ""}}, {"model": "admin.logentry", "pk": 31, "fields": {"action_time": "2023-02-02T06:48:46.305Z", "user": 1, "content_type": 7, "object_id": "21", "object_repr": "asdfghj@asdfgh.dfg", "action_flag": 3, "change_message": ""}}, {"model": "admin.logentry", "pk": 32, "fields": {"action_time": "2023-02-02T07:16:34.229Z", "user": 1, "content_type": 7, "object_id": "22", "object_repr": "asdfghj@asdfgh.dfg", "action_flag": 3, "change_message": ""}}, {"model": "admin.logentry", "pk": 33, "fields": {"action_time": "2023-02-02T07:33:37.818Z", "user": 1, "content_type": 10, "object_id": "16", "object_repr": "CartItem object (16)", "action_flag": 3, "change_message": ""}}, {"model": "admin.logentry", "pk": 34, "fields": {"action_time": "2023-02-02T07:33:37.821Z", "user": 1, "content_type": 10, "object_id": "15", "object_repr": "CartItem object (15)", "action_flag": 3, "change_message": ""}}, {"model": "admin.logentry", "pk": 35, "fields": {"action_time": "2023-02-02T07:33:37.823Z", "user": 1, "content_type": 10, "object_id": "14", "object_repr": "CartItem object (14)", "action_flag": 3, "change_message": ""}}, {"model": "admin.logentry", "pk": 36, "fields": {"action_time": "2023-02-02T07:33:37.824Z", "user": 1, "content_type": 10, "object_id": "13", "object_repr": "CartItem object (13)", "action_flag": 3, "change_message": ""}}, {"model": "admin.logentry", "pk": 37, "fields": {"action_time": "2023-02-02T07:33:37.826Z", "user": 1, "content_type": 10, "object_id": "12", "object_repr": "CartItem object (12)", "action_flag": 3, "change_message": ""}}, {"model": "admin.logentry", "pk": 38, "fields": {"action_time": "2023-02-02T07:33:37.827Z", "user": 1, "content_type": 10, "object_id": "11", "object_repr": "CartItem object (11)", "action_flag": 3, "change_message": ""}}, {"model": "admin.logentry", "pk": 39, "fields": {"action_time": "2023-02-02T07:41:36.050Z", "user": 1, "content_type": 9, "object_id": "8", "object_repr": "17rcj8vbhwlhwyh0vxablj8nrugslak8", "action_flag": 3, "change_message": ""}}, {"model": "admin.logentry", "pk": 40, "fields": {"action_time": "2023-02-02T07:41:36.052Z", "user": 1, "content_type": 9, "object_id": "7", "object_repr": "swmjwcv0mkbubwmdj8tf92tf28wzy80y", "action_flag": 3, "change_message": ""}}, {"model": "admin.logentry", "pk": 41, "fields": {"action_time": "2023-02-02T07:41:36.054Z", "user": 1, "content_type": 9, "object_id": "6", "object_repr": "k1s02m7ygg0t3adn83krpn1ejdefsx1f", "action_flag": 3, "change_message": ""}}, {"model": "admin.logentry", "pk": 42, "fields": {"action_time": "2023-02-02T07:41:36.056Z", "user": 1, "content_type": 9, "object_id": "5", "object_repr": "bm5bsz2a2iuresd5kdccnlmyw79zqw8c", "action_flag": 3, "change_message": ""}}, {"model": "admin.logentry", "pk": 43, "fields": {"action_time": "2023-02-02T07:41:36.058Z", "user": 1, "content_type": 9, "object_id": "4", "object_repr": "cq7mhgjwbszb65j2ljvgonj7wt689vhc", "action_flag": 3, "change_message": ""}}, {"model": "admin.logentry", "pk": 44, "fields": {"action_time": "2023-02-02T07:41:36.059Z", "user": 1, "content_type": 9, "object_id": "3", "object_repr": "si7325vua133ekklf0ddmvdj2vbm7fvg", "action_flag": 3, "change_message": ""}}, {"model": "admin.logentry", "pk": 45, "fields": {"action_time": "2023-02-02T07:41:36.061Z", "user": 1, "content_type": 9, "object_id": "2", "object_repr": "boin3axwh08fiqrio71i9a1qr504720c", "action_flag": 3, "change_message": ""}}, {"model": "admin.logentry", "pk": 46, "fields": {"action_time": "2023-02-02T07:41:36.062Z", "user": 1, "content_type": 9, "object_id": "1", "object_repr": "95yzffftilsg6r05hauamnw6eblu6sis", "action_flag": 3, "change_message": ""}}, {"model": "admin.logentry", "pk": 47, "fields": {"action_time": "2023-02-02T07:43:51.051Z", "user": 1, "content_type": 10, "object_id": "22", "object_repr": "CartItem object (22)", "action_flag": 3, "change_message": ""}}, {"model": "admin.logentry", "pk": 48, "fields": {"action_time": "2023-02-02T07:43:51.055Z", "user": 1, "content_type": 10, "object_id": "21", "object_repr": "CartItem object (21)", "action_flag": 3, "change_message": ""}}, {"model": "admin.logentry", "pk": 49, "fields": {"action_time": "2023-02-02T07:43:51.057Z", "user": 1, "content_type": 10, "object_id": "20", "object_repr": "CartItem object (20)", "action_flag": 3, "change_message": ""}}, {"model": "admin.logentry", "pk": 50, "fields": {"action_time": "2023-02-02T13:00:30.691Z", "user": 1, "content_type": 10, "object_id": "27", "object_repr": "CartItem object (27)", "action_flag": 3, "change_message": ""}}, {"model": "admin.logentry", "pk": 51, "fields": {"action_time": "2023-02-02T13:00:30.692Z", "user": 1, "content_type": 10, "object_id": "26", "object_repr": "CartItem object (26)", "action_flag": 3, "change_message": ""}}, {"model": "admin.logentry", "pk": 52, "fields": {"action_time": "2023-02-02T13:00:30.693Z", "user": 1, "content_type": 10, "object_id": "25", "object_repr": "CartItem object (25)", "action_flag": 3, "change_message": ""}}, {"model": "admin.logentry", "pk": 53, "fields": {"action_time": "2023-02-02T13:00:30.694Z", "user": 1, "content_type": 10, "object_id": "24", "object_repr": "CartItem object (24)", "action_flag": 3, "change_message": ""}}, {"model": "admin.logentry", "pk": 54, "fields": {"action_time": "2023-02-02T13:00:30.696Z", "user": 1, "content_type": 10, "object_id": "23", "object_repr": "CartItem object (23)", "action_flag": 3, "change_message": ""}}, {"model": "admin.logentry", "pk": 55, "fields": {"action_time": "2023-02-02T13:35:07.275Z", "user": 1, "content_type": 9, "object_id": "15", "object_repr": "6j15cxzhaua9s0g2b51fg7dvwiq8sokc", "action_flag": 3, "change_message": ""}}, {"model": "admin.logentry", "pk": 56, "fields": {"action_time": "2023-02-02T13:35:07.277Z", "user": 1, "content_type": 9, "object_id": "14", "object_repr": "uq5ggv9b1cjjohr1ri2vuh31p1356g08", "action_flag": 3, "change_message": ""}}, {"model": "admin.logentry", "pk": 57, "fields": {"action_time": "2023-02-02T13:35:07.279Z", "user": 1, "content_type": 9, "object_id": "13", "object_repr": "nz5qxkbx92t86r0rh8d8xcj8m35wrubx", "action_flag": 3, "change_message": ""}}, {"model": "admin.logentry", "pk": 58, "fields": {"action_time": "2023-02-02T13:35:07.280Z", "user": 1, "content_type": 9, "object_id": "12", "object_repr": "hbf8eyokexe7nn4gcdnhqr2h61hpfu10", "action_flag": 3, "change_message": ""}}, {"model": "admin.logentry", "pk": 59, "fields": {"action_time": "2023-02-02T13:35:07.281Z", "user": 1, "content_type": 9, "object_id": "11", "object_repr": "k09m4dgn54cy5a4mk6b15z8d98eihi9p", "action_flag": 3, "change_message": ""}}, {"model": "admin.logentry", "pk": 60, "fields": {"action_time": "2023-02-02T13:35:07.282Z", "user": 1, "content_type": 9, "object_id": "10", "object_repr": "miemchi41a4nyck83l1tzh3vaz75r7nb", "action_flag": 3, "change_message": ""}}, {"model": "admin.logentry", "pk": 61, "fields": {"action_time": "2023-02-02T13:35:07.283Z", "user": 1, "content_type": 9, "object_id": "9", "object_repr": "17rcj8vbhwlhwyh0vxablj8nrugslak8", "action_flag": 3, "change_message": ""}}, {"model": "admin.logentry", "pk": 62, "fields": {"action_time": "2023-02-02T13:50:31.437Z", "user": 1, "content_type": 6, "object_id": "5", "object_repr": "Health Drinks", "action_flag": 1, "change_message": "[{\"added\": {}}]"}}, {"model": "admin.logentry", "pk": 63, "fields": {"action_time": "2023-02-02T13:50:36.272Z", "user": 1, "content_type": 8, "object_id": "5", "object_repr": "Apple Cider", "action_flag": 1, "change_message": "[{\"added\": {}}]"}}, {"model": "admin.logentry", "pk": 64, "fields": {"action_time": "2023-02-02T13:52:28.074Z", "user": 1, "content_type": 6, "object_id": "6", "object_repr": "Bathing Soap", "action_flag": 1, "change_message": "[{\"added\": {}}]"}}, {"model": "admin.logentry", "pk": 65, "fields": {"action_time": "2023-02-02T13:52:30.169Z", "user": 1, "content_type": 8, "object_id": "6", "object_repr": "Activated Charcoal", "action_flag": 1, "change_message": "[{\"added\": {}}]"}}, {"model": "admin.logentry", "pk": 66, "fields": {"action_time": "2023-02-02T13:53:19.525Z", "user": 1, "content_type": 8, "object_id": "7", "object_repr": "Bamboo Charcoal", "action_flag": 1, "change_message": "[{\"added\": {}}]"}}, {"model": "admin.logentry", "pk": 67, "fields": {"action_time": "2023-02-02T13:53:57.791Z", "user": 1, "content_type": 8, "object_id": "8", "object_repr": "Chocolate", "action_flag": 1, "change_message": "[{\"added\": {}}]"}}, {"model": "admin.logentry", "pk": 68, "fields": {"action_time": "2023-02-02T13:56:40.024Z", "user": 1, "content_type": 6, "object_id": "7", "object_repr": "Body Care", "action_flag": 1, "change_message": "[{\"added\": {}}]"}}, {"model": "admin.logentry", "pk": 69, "fields": {"action_time": "2023-02-02T13:56:43.270Z", "user": 1, "content_type": 8, "object_id": "9", "object_repr": "Neem & Aloevera Body Wash", "action_flag": 1, "change_message": "[{\"added\": {}}]"}}, {"model": "admin.logentry", "pk": 70, "fields": {"action_time": "2023-02-02T13:58:13.494Z", "user": 1, "content_type": 6, "object_id": "8", "object_repr": "Hair Care", "action_flag": 1, "change_message": "[{\"added\": {}}]"}}, {"model": "admin.logentry", "pk": 71, "fields": {"action_time": "2023-02-02T13:58:15.868Z", "user": 1, "content_type": 8, "object_id": "10", "object_repr": "Neem & Aloe vera hair cleanser", "action_flag": 1, "change_message": "[{\"added\": {}}]"}}, {"model": "admin.logentry", "pk": 72, "fields": {"action_time": "2023-02-02T13:59:05.226Z", "user": 1, "content_type": 8, "object_id": "11", "object_repr": "Neem & Aloevera Hair conditioner", "action_flag": 1, "change_message": "[{\"added\": {}}]"}}, {"model": "admin.logentry", "pk": 73, "fields": {"action_time": "2023-02-02T14:00:24.897Z", "user": 1, "content_type": 8, "object_id": "12", "object_repr": "Neem & Aloevera body lotion", "action_flag": 1, "change_message": "[{\"added\": {}}]"}}, {"model": "admin.logentry", "pk": 74, "fields": {"action_time": "2023-02-02T14:01:27.920Z", "user": 1, "content_type": 6, "object_id": "4", "object_repr": "Jackets", "action_flag": 3, "change_message": ""}}, {"model": "admin.logentry", "pk": 75, "fields": {"action_time": "2023-02-02T14:01:27.924Z", "user": 1, "content_type": 6, "object_id": "3", "object_repr": "shoes", "action_flag": 3, "change_message": ""}}, {"model": "admin.logentry", "pk": 76, "fields": {"action_time": "2023-02-02T14:01:27.926Z", "user": 1, "content_type": 6, "object_id": "2", "object_repr": "Jeans", "action_flag": 3, "change_message": ""}}, {"model": "admin.logentry", "pk": 77, "fields": {"action_time": "2023-02-02T14:01:27.928Z", "user": 1, "content_type": 6, "object_id": "1", "object_repr": "Shirts", "action_flag": 3, "change_message": ""}}, {"model": "admin.logentry", "pk": 78, "fields": {"action_time": "2023-02-02T14:28:13.624Z", "user": 1, "content_type": 10, "object_id": "45", "object_repr": "CartItem object (45)", "action_flag": 3, "change_message": ""}}, {"model": "admin.logentry", "pk": 79, "fields": {"action_time": "2023-02-02T14:28:13.628Z", "user": 1, "content_type": 10, "object_id": "44", "object_repr": "CartItem object (44)", "action_flag": 3, "change_message": ""}}, {"model": "admin.logentry", "pk": 80, "fields": {"action_time": "2023-02-02T14:28:13.630Z", "user": 1, "content_type": 10, "object_id": "43", "object_repr": "CartItem object (43)", "action_flag": 3, "change_message": ""}}, {"model": "admin.logentry", "pk": 81, "fields": {"action_time": "2023-02-02T14:37:10.155Z", "user": 1, "content_type": 9, "object_id": "17", "object_repr": "t6divn56h276h5mo92ckbonrgykvkbvo", "action_flag": 3, "change_message": ""}}, {"model": "admin.logentry", "pk": 82, "fields": {"action_time": "2023-02-02T14:37:14.451Z", "user": 1, "content_type": 9, "object_id": "16", "object_repr": "siticlgolf73snhaltcwa3gzbikakn40", "action_flag": 3, "change_message": ""}}, {"model": "admin.logentry", "pk": 83, "fields": {"action_time": "2023-02-02T14:37:38.985Z", "user": 1, "content_type": 10, "object_id": "48", "object_repr": "CartItem object (48)", "action_flag": 3, "change_message": ""}}, {"model": "admin.logentry", "pk": 84, "fields": {"action_time": "2023-02-02T15:08:00.721Z", "user": 1, "content_type": 8, "object_id": "13", "object_repr": "Papaya Soap", "action_flag": 1, "change_message": "[{\"added\": {}}]"}}, {"model": "admin.logentry", "pk": 85, "fields": {"action_time": "2023-02-02T19:58:01.349Z", "user": 1, "content_type": 9, "object_id": "23", "object_repr": "dyifs6tzammfk17mqnf8vbohxwl831ki", "action_flag": 3, "change_message": ""}}, {"model": "admin.logentry", "pk": 86, "fields": {"action_time": "2023-02-02T19:58:01.353Z", "user": 1, "content_type": 9, "object_id": "22", "object_repr": "vej6mjq6t5c2zbk591ifg2u4gshqvoi3", "action_flag": 3, "change_message": ""}}, {"model": "admin.logentry", "pk": 87, "fields": {"action_time": "2023-02-02T19:58:01.354Z", "user": 1, "content_type": 9, "object_id": "21", "object_repr": "eqmwdvwvaai30t2blqzyb65jdazpinix", "action_flag": 3, "change_message": ""}}, {"model": "admin.logentry", "pk": 88, "fields": {"action_time": "2023-02-02T19:58:01.355Z", "user": 1, "content_type": 9, "object_id": "20", "object_repr": "er7izj7xq264f7mqi16q8uhleyp7iu81", "action_flag": 3, "change_message": ""}}, {"model": "admin.logentry", "pk": 89, "fields": {"action_time": "2023-02-02T19:58:01.357Z", "user": 1, "content_type": 9, "object_id": "19", "object_repr": "l9jywjf3yatoeoq03y6ygfvkoxaex8qd", "action_flag": 3, "change_message": ""}}, {"model": "admin.logentry", "pk": 90, "fields": {"action_time": "2023-02-02T19:58:01.359Z", "user": 1, "content_type": 9, "object_id": "18", "object_repr": "t6divn56h276h5mo92ckbonrgykvkbvo", "action_flag": 3, "change_message": ""}}, {"model": "admin.logentry", "pk": 91, "fields": {"action_time": "2023-02-02T19:58:07.860Z", "user": 1, "content_type": 10, "object_id": "57", "object_repr": "CartItem object (57)", "action_flag": 3, "change_message": ""}}, {"model": "admin.logentry", "pk": 92, "fields": {"action_time": "2023-02-02T20:26:07.902Z", "user": 1, "content_type": 10, "object_id": "62", "object_repr": "CartItem object (62)", "action_flag": 3, "change_message": ""}}, {"model": "admin.logentry", "pk": 93, "fields": {"action_time": "2023-02-02T20:26:07.906Z", "user": 1, "content_type": 10, "object_id": "61", "object_repr": "CartItem object (61)", "action_flag": 3, "change_message": ""}}, {"model": "admin.logentry", "pk": 94, "fields": {"action_time": "2023-02-02T20:26:07.907Z", "user": 1, "content_type": 10, "object_id": "59", "object_repr": "CartItem object (59)", "action_flag": 3, "change_message": ""}}, {"model": "admin.logentry", "pk": 95, "fields": {"action_time": "2023-02-02T20:26:07.909Z", "user": 1, "content_type": 10, "object_id": "58", "object_repr": "CartItem object (58)", "action_flag": 3, "change_message": ""}}, {"model": "admin.logentry", "pk": 96, "fields": {"action_time": "2023-02-02T20:26:17.573Z", "user": 1, "content_type": 9, "object_id": "28", "object_repr": "yd5fcanro8mfyio4yvh99ug6hymdean1", "action_flag": 3, "change_message": ""}}, {"model": "admin.logentry", "pk": 97, "fields": {"action_time": "2023-02-02T20:26:17.576Z", "user": 1, "content_type": 9, "object_id": "27", "object_repr": "6ck6jswo2aw2wx77ouk77tydmhbpfwj3", "action_flag": 3, "change_message": ""}}, {"model": "admin.logentry", "pk": 98, "fields": {"action_time": "2023-02-02T20:26:17.577Z", "user": 1, "content_type": 9, "object_id": "26", "object_repr": "77gjxm6bkuru3atzeh5245ekgohy83zw", "action_flag": 3, "change_message": ""}}, {"model": "admin.logentry", "pk": 99, "fields": {"action_time": "2023-02-02T20:26:17.579Z", "user": 1, "content_type": 9, "object_id": "25", "object_repr": "6438gvlaf033gzj86kgfbl84fho9gn5f", "action_flag": 3, "change_message": ""}}, {"model": "admin.logentry", "pk": 100, "fields": {"action_time": "2023-02-02T20:26:17.580Z", "user": 1, "content_type": 9, "object_id": "24", "object_repr": "b53onvo4tnii5y1ejt3x0jkrcko356dw", "action_flag": 3, "change_message": ""}}, {"model": "admin.logentry", "pk": 101, "fields": {"action_time": "2023-02-02T20:31:36.234Z", "user": 1, "content_type": 10, "object_id": "64", "object_repr": "CartItem object (64)", "action_flag": 3, "change_message": ""}}, {"model": "admin.logentry", "pk": 102, "fields": {"action_time": "2023-02-02T20:34:01.139Z", "user": 1, "content_type": 10, "object_id": "65", "object_repr": "CartItem object (65)", "action_flag": 3, "change_message": ""}}, {"model": "admin.logentry", "pk": 103, "fields": {"action_time": "2023-02-03T08:20:41.518Z", "user": 1, "content_type": 12, "object_id": "10", "object_repr": "ksuhal", "action_flag": 3, "change_message": ""}}, {"model": "admin.logentry", "pk": 104, "fields": {"action_time": "2023-02-03T08:20:41.521Z", "user": 1, "content_type": 12, "object_id": "9", "object_repr": "ksuhal", "action_flag": 3, "change_message": ""}}, {"model": "admin.logentry", "pk": 105, "fields": {"action_time": "2023-02-03T08:20:41.522Z", "user": 1, "content_type": 12, "object_id": "8", "object_repr": "ksuhal", "action_flag": 3, "change_message": ""}}, {"model": "admin.logentry", "pk": 106, "fields": {"action_time": "2023-02-03T08:20:41.524Z", "user": 1, "content_type": 12, "object_id": "7", "object_repr": "ksuhal", "action_flag": 3, "change_message": ""}}, {"model": "admin.logentry", "pk": 107, "fields": {"action_time": "2023-02-03T08:20:41.525Z", "user": 1, "content_type": 12, "object_id": "6", "object_repr": "ksuhal", "action_flag": 3, "change_message": ""}}, {"model": "admin.logentry", "pk": 108, "fields": {"action_time": "2023-02-03T08:20:41.527Z", "user": 1, "content_type": 12, "object_id": "5", "object_repr": "Kushal", "action_flag": 3, "change_message": ""}}, {"model": "admin.logentry", "pk": 109, "fields": {"action_time": "2023-02-03T08:20:41.528Z", "user": 1, "content_type": 12, "object_id": "4", "object_repr": "Kushal", "action_flag": 3, "change_message": ""}}, {"model": "admin.logentry", "pk": 110, "fields": {"action_time": "2023-02-03T08:20:41.530Z", "user": 1, "content_type": 12, "object_id": "3", "object_repr": "Kushal", "action_flag": 3, "change_message": ""}}, {"model": "admin.logentry", "pk": 111, "fields": {"action_time": "2023-02-03T08:20:41.531Z", "user": 1, "content_type": 12, "object_id": "2", "object_repr": "Kushl", "action_flag": 3, "change_message": ""}}, {"model": "admin.logentry", "pk": 112, "fields": {"action_time": "2023-02-03T08:20:41.532Z", "user": 1, "content_type": 12, "object_id": "1", "object_repr": "Kushl", "action_flag": 3, "change_message": ""}}, {"model": "admin.logentry", "pk": 113, "fields": {"action_time": "2023-02-03T11:37:41.158Z", "user": 1, "content_type": 14, "object_id": "1", "object_repr": "Best", "action_flag": 3, "change_message": ""}}, {"model": "admin.logentry", "pk": 114, "fields": {"action_time": "2023-02-03T12:16:28.660Z", "user": 1, "content_type": 16, "object_id": "1", "object_repr": "Kushal", "action_flag": 1, "change_message": "[{\"added\": {}}]"}}, {"model": "admin.logentry", "pk": 115, "fields": {"action_time": "2023-02-03T17:43:58.723Z", "user": 1, "content_type": 7, "object_id": "23", "object_repr": "uday@gmail.com", "action_flag": 2, "change_message": "[{\"changed\": {\"fields\": [\"Is active\"]}}]"}}, {"model": "admin.logentry", "pk": 116, "fields": {"action_time": "2023-02-03T18:07:10.288Z", "user": 1, "content_type": 8, "object_id": "13", "object_repr": "Papaya Soap", "action_flag": 2, "change_message": "[{\"added\": {\"name\": \"productgallery\", \"object\": \"Papaya Soap\"}}]"}}, {"model": "admin.logentry", "pk": 117, "fields": {"action_time": "2023-02-03T18:07:33.126Z", "user": 1, "content_type": 8, "object_id": "13", "object_repr": "Papaya Soap", "action_flag": 2, "change_message": "[{\"added\": {\"name\": \"productgallery\", \"object\": \"Papaya Soap\"}}]"}}, {"model": "admin.logentry", "pk": 118, "fields": {"action_time": "2023-02-03T18:18:43.030Z", "user": 1, "content_type": 8, "object_id": "10", "object_repr": "Neem & Aloe vera hair cleanser", "action_flag": 2, "change_message": "[{\"added\": {\"name\": \"productgallery\", \"object\": \"Neem & Aloe vera hair cleanser\"}}]"}}, {"model": "admin.logentry", "pk": 119, "fields": {"action_time": "2023-02-04T09:10:40.504Z", "user": 1, "content_type": 8, "object_id": "7", "object_repr": "Bamboo Charcoal", "action_flag": 2, "change_message": "[{\"changed\": {\"fields\": [\"Stock\"]}}]"}}, {"model": "admin.logentry", "pk": 120, "fields": {"action_time": "2023-02-04T09:10:58.684Z", "user": 1, "content_type": 8, "object_id": "7", "object_repr": "Bamboo Charcoal", "action_flag": 2, "change_message": "[{\"changed\": {\"fields\": [\"Stock\"]}}]"}}, {"model": "admin.logentry", "pk": 121, "fields": {"action_time": "2023-02-04T09:15:44.982Z", "user": 1, "content_type": 7, "object_id": "24", "object_repr": "golu@gmail.com", "action_flag": 2, "change_message": "[{\"changed\": {\"fields\": [\"Is active\"]}}]"}}, {"model": "admin.logentry", "pk": 122, "fields": {"action_time": "2023-02-04T09:19:56.232Z", "user": 1, "content_type": 10, "object_id": "73", "object_repr": "CartItem object (73)", "action_flag": 2, "change_message": "[{\"changed\": {\"fields\": [\"User\"]}}]"}}, {"model": "admin.logentry", "pk": 123, "fields": {"action_time": "2023-02-04T09:24:17.694Z", "user": 1, "content_type": 12, "object_id": "15", "object_repr": "Giolu", "action_flag": 2, "change_message": "[{\"changed\": {\"fields\": [\"Status\"]}}]"}}, {"model": "admin.logentry", "pk": 124, "fields": {"action_time": "2023-02-04T17:48:41.590Z", "user": 1, "content_type": 7, "object_id": "25", "object_repr": "kushalsai1998@gmail.com", "action_flag": 3, "change_message": ""}}, {"model": "admin.logentry", "pk": 125, "fields": {"action_time": "2023-02-04T17:50:40.795Z", "user": 1, "content_type": 7, "object_id": "26", "object_repr": "kushalsai1998@gmail.com", "action_flag": 3, "change_message": ""}}, {"model": "admin.logentry", "pk": 126, "fields": {"action_time": "2023-02-04T17:51:54.509Z", "user": 1, "content_type": 7, "object_id": "27", "object_repr": "kushalsai1998@gmail.com", "action_flag": 3, "change_message": ""}}, {"model": "admin.logentry", "pk": 127, "fields": {"action_time": "2023-02-04T17:56:40.703Z", "user": 1, "content_type": 7, "object_id": "28", "object_repr": "kushalsai1998@gmail.com", "action_flag": 2, "change_message": "[{\"changed\": {\"fields\": [\"Is active\"]}}]"}}, {"model": "admin.logentry", "pk": 128, "fields": {"action_time": "2023-02-04T17:56:46.553Z", "user": 1, "content_type": 7, "object_id": "29", "object_repr": "kushalsaini20071998@gmail.com", "action_flag": 3, "change_message": ""}}, {"model": "admin.logentry", "pk": 129, "fields": {"action_time": "2023-02-07T08:23:23.340Z", "user": 1, "content_type": 7, "object_id": "23", "object_repr": "uday@gmail.com", "action_flag": 2, "change_message": "[{\"changed\": {\"fields\": [\"password\"]}}]"}}, {"model": "admin.logentry", "pk": 130, "fields": {"action_time": "2023-02-07T08:23:48.035Z", "user": 1, "content_type": 7, "object_id": "30", "object_repr": "kushalsaini20071998@gmail.com", "action_flag": 3, "change_message": ""}}, {"model": "admin.logentry", "pk": 131, "fields": {"action_time": "2023-02-07T08:23:48.037Z", "user": 1, "content_type": 7, "object_id": "24", "object_repr": "golu@gmail.com", "action_flag": 3, "change_message": ""}}, {"model": "admin.logentry", "pk": 132, "fields": {"action_time": "2023-02-07T08:24:53.719Z", "user": 1, "content_type": 7, "object_id": "28", "object_repr": "kushalsai1998@gmail.com", "action_flag": 2, "change_message": "[{\"changed\": {\"fields\": [\"password\"]}}]"}}, {"model": "auth.permission", "pk": 1, "fields": {"name": "Can add log entry", "content_type": 1, "codename": "add_logentry"}}, {"model": "auth.permission", "pk": 2, "fields": {"name": "Can change log entry", "content_type": 1, "codename": "change_logentry"}}, {"model": "auth.permission", "pk": 3, "fields": {"name": "Can delete log entry", "content_type": 1, "codename": "delete_logentry"}}, {"model": "auth.permission", "pk": 4, "fields": {"name": "Can view log entry", "content_type": 1, "codename": "view_logentry"}}, {"model": "auth.permission", "pk": 5, "fields": {"name": "Can add permission", "content_type": 2, "codename": "add_permission"}}, {"model": "auth.permission", "pk": 6, "fields": {"name": "Can change permission", "content_type": 2, "codename": "change_permission"}}, {"model": "auth.permission", "pk": 7, "fields": {"name": "Can delete permission", "content_type": 2, "codename": "delete_permission"}}, {"model": "auth.permission", "pk": 8, "fields": {"name": "Can view permission", "content_type": 2, "codename": "view_permission"}}, {"model": "auth.permission", "pk": 9, "fields": {"name": "Can add group", "content_type": 3, "codename": "add_group"}}, {"model": "auth.permission", "pk": 10, "fields": {"name": "Can change group", "content_type": 3, "codename": "change_group"}}, {"model": "auth.permission", "pk": 11, "fields": {"name": "Can delete group", "content_type": 3, "codename": "delete_group"}}, {"model": "auth.permission", "pk": 12, "fields": {"name": "Can view group", "content_type": 3, "codename": "view_group"}}, {"model": "auth.permission", "pk": 13, "fields": {"name": "Can add content type", "content_type": 4, "codename": "add_contenttype"}}, {"model": "auth.permission", "pk": 14, "fields": {"name": "Can change content type", "content_type": 4, "codename": "change_contenttype"}}, {"model": "auth.permission", "pk": 15, "fields": {"name": "Can delete content type", "content_type": 4, "codename": "delete_contenttype"}}, {"model": "auth.permission", "pk": 16, "fields": {"name": "Can view content type", "content_type": 4, "codename": "view_contenttype"}}, {"model": "auth.permission", "pk": 17, "fields": {"name": "Can add session", "content_type": 5, "codename": "add_session"}}, {"model": "auth.permission", "pk": 18, "fields": {"name": "Can change session", "content_type": 5, "codename": "change_session"}}, {"model": "auth.permission", "pk": 19, "fields": {"name": "Can delete session", "content_type": 5, "codename": "delete_session"}}, {"model": "auth.permission", "pk": 20, "fields": {"name": "Can view session", "content_type": 5, "codename": "view_session"}}, {"model": "auth.permission", "pk": 21, "fields": {"name": "Can add category", "content_type": 6, "codename": "add_category"}}, {"model": "auth.permission", "pk": 22, "fields": {"name": "Can change category", "content_type": 6, "codename": "change_category"}}, {"model": "auth.permission", "pk": 23, "fields": {"name": "Can delete category", "content_type": 6, "codename": "delete_category"}}, {"model": "auth.permission", "pk": 24, "fields": {"name": "Can view category", "content_type": 6, "codename": "view_category"}}, {"model": "auth.permission", "pk": 25, "fields": {"name": "Can add account", "content_type": 7, "codename": "add_account"}}, {"model": "auth.permission", "pk": 26, "fields": {"name": "Can change account", "content_type": 7, "codename": "change_account"}}, {"model": "auth.permission", "pk": 27, "fields": {"name": "Can delete account", "content_type": 7, "codename": "delete_account"}}, {"model": "auth.permission", "pk": 28, "fields": {"name": "Can view account", "content_type": 7, "codename": "view_account"}}, {"model": "auth.permission", "pk": 29, "fields": {"name": "Can add product", "content_type": 8, "codename": "add_product"}}, {"model": "auth.permission", "pk": 30, "fields": {"name": "Can change product", "content_type": 8, "codename": "change_product"}}, {"model": "auth.permission", "pk": 31, "fields": {"name": "Can delete product", "content_type": 8, "codename": "delete_product"}}, {"model": "auth.permission", "pk": 32, "fields": {"name": "Can view product", "content_type": 8, "codename": "view_product"}}, {"model": "auth.permission", "pk": 33, "fields": {"name": "Can add cart", "content_type": 9, "codename": "add_cart"}}, {"model": "auth.permission", "pk": 34, "fields": {"name": "Can change cart", "content_type": 9, "codename": "change_cart"}}, {"model": "auth.permission", "pk": 35, "fields": {"name": "Can delete cart", "content_type": 9, "codename": "delete_cart"}}, {"model": "auth.permission", "pk": 36, "fields": {"name": "Can view cart", "content_type": 9, "codename": "view_cart"}}, {"model": "auth.permission", "pk": 37, "fields": {"name": "Can add cart item", "content_type": 10, "codename": "add_cartitem"}}, {"model": "auth.permission", "pk": 38, "fields": {"name": "Can change cart item", "content_type": 10, "codename": "change_cartitem"}}, {"model": "auth.permission", "pk": 39, "fields": {"name": "Can delete cart item", "content_type": 10, "codename": "delete_cartitem"}}, {"model": "auth.permission", "pk": 40, "fields": {"name": "Can view cart item", "content_type": 10, "codename": "view_cartitem"}}, {"model": "auth.permission", "pk": 41, "fields": {"name": "Can add order product", "content_type": 11, "codename": "add_orderproduct"}}, {"model": "auth.permission", "pk": 42, "fields": {"name": "Can change order product", "content_type": 11, "codename": "change_orderproduct"}}, {"model": "auth.permission", "pk": 43, "fields": {"name": "Can delete order product", "content_type": 11, "codename": "delete_orderproduct"}}, {"model": "auth.permission", "pk": 44, "fields": {"name": "Can view order product", "content_type": 11, "codename": "view_orderproduct"}}, {"model": "auth.permission", "pk": 45, "fields": {"name": "Can add order", "content_type": 12, "codename": "add_order"}}, {"model": "auth.permission", "pk": 46, "fields": {"name": "Can change order", "content_type": 12, "codename": "change_order"}}, {"model": "auth.permission", "pk": 47, "fields": {"name": "Can delete order", "content_type": 12, "codename": "delete_order"}}, {"model": "auth.permission", "pk": 48, "fields": {"name": "Can view order", "content_type": 12, "codename": "view_order"}}, {"model": "auth.permission", "pk": 49, "fields": {"name": "Can add payment", "content_type": 13, "codename": "add_payment"}}, {"model": "auth.permission", "pk": 50, "fields": {"name": "Can change payment", "content_type": 13, "codename": "change_payment"}}, {"model": "auth.permission", "pk": 51, "fields": {"name": "Can delete payment", "content_type": 13, "codename": "delete_payment"}}, {"model": "auth.permission", "pk": 52, "fields": {"name": "Can view payment", "content_type": 13, "codename": "view_payment"}}, {"model": "auth.permission", "pk": 53, "fields": {"name": "Can add review rating", "content_type": 14, "codename": "add_reviewrating"}}, {"model": "auth.permission", "pk": 54, "fields": {"name": "Can change review rating", "content_type": 14, "codename": "change_reviewrating"}}, {"model": "auth.permission", "pk": 55, "fields": {"name": "Can delete review rating", "content_type": 14, "codename": "delete_reviewrating"}}, {"model": "auth.permission", "pk": 56, "fields": {"name": "Can view review rating", "content_type": 14, "codename": "view_reviewrating"}}, {"model": "auth.permission", "pk": 57, "fields": {"name": "Can add productgallery", "content_type": 15, "codename": "add_productgallery"}}, {"model": "auth.permission", "pk": 58, "fields": {"name": "Can change productgallery", "content_type": 15, "codename": "change_productgallery"}}, {"model": "auth.permission", "pk": 59, "fields": {"name": "Can delete productgallery", "content_type": 15, "codename": "delete_productgallery"}}, {"model": "auth.permission", "pk": 60, "fields": {"name": "Can view productgallery", "content_type": 15, "codename": "view_productgallery"}}, {"model": "auth.permission", "pk": 61, "fields": {"name": "Can add user profile", "content_type": 16, "codename": "add_userprofile"}}, {"model": "auth.permission", "pk": 62, "fields": {"name": "Can change user profile", "content_type": 16, "codename": "change_userprofile"}}, {"model": "auth.permission", "pk": 63, "fields": {"name": "Can delete user profile", "content_type": 16, "codename": "delete_userprofile"}}, {"model": "auth.permission", "pk": 64, "fields": {"name": "Can view user profile", "content_type": 16, "codename": "view_userprofile"}}, {"model": "contenttypes.contenttype", "pk": 1, "fields": {"app_label": "admin", "model": "logentry"}}, {"model": "contenttypes.contenttype", "pk": 2, "fields": {"app_label": "auth", "model": "permission"}}, {"model": "contenttypes.contenttype", "pk": 3, "fields": {"app_label": "auth", "model": "group"}}, {"model": "contenttypes.contenttype", "pk": 4, "fields": {"app_label": "contenttypes", "model": "contenttype"}}, {"model": "contenttypes.contenttype", "pk": 5, "fields": {"app_label": "sessions", "model": "session"}}, {"model": "contenttypes.contenttype", "pk": 6, "fields": {"app_label": "category", "model": "category"}}, {"model": "contenttypes.contenttype", "pk": 7, "fields": {"app_label": "accounts", "model": "account"}}, {"model": "contenttypes.contenttype", "pk": 8, "fields": {"app_label": "store", "model": "product"}}, {"model": "contenttypes.contenttype", "pk": 9, "fields": {"app_label": "cart", "model": "cart"}}, {"model": "contenttypes.contenttype", "pk": 10, "fields": {"app_label": "cart", "model": "cartitem"}}, {"model": "contenttypes.contenttype", "pk": 11, "fields": {"app_label": "orders", "model": "orderproduct"}}, {"model": "contenttypes.contenttype", "pk": 12, "fields": {"app_label": "orders", "model": "order"}}, {"model": "contenttypes.contenttype", "pk": 13, "fields": {"app_label": "orders", "model": "payment"}}, {"model": "contenttypes.contenttype", "pk": 14, "fields": {"app_label": "store", "model": "reviewrating"}}, {"model": "contenttypes.contenttype", "pk": 15, "fields": {"app_label": "store", "model": "productgallery"}}, {"model": "contenttypes.contenttype", "pk": 16, "fields": {"app_label": "accounts", "model": "userprofile"}}, {"model": "sessions.session", "pk": "16kgfa22i36tjqynv9kr12kyszxvtqy3", "fields": {"session_data": "e30:1pN8rt:3YpEcbEOQxp4OeW6FITr6iwhXgBgXV825vR7tDbd648", "expire_date": "2023-02-15T08:53:25.969Z"}}, {"model": "sessions.session", "pk": "997cfwgzrmqbc131vfz7ezxcuxfa666d", "fields": {"session_data": ".eJxVjEEOgjAQRe_StWna2s6AS_ecgcx0GEFNSSisjHdXEha6_e-9_zI9bevYb3VY-knMxXhz-t2Y8mMoO5A7ldts81zWZWK7K_ag1XazDM_r4f4djFTHb83MJNTiOauTRCAEQNAANpkDuVYJgneYgqp4pBgVwcWUNfgGHap5fwALSzgu:1pNrIt:FIkd_GgAIu_dI4W2m3oQFnhBbozAq6274J8o2xb_gI8", "expire_date": "2023-02-17T08:20:15.402Z"}}, {"model": "sessions.session", "pk": "9wocdo4b164q6hk2yq8ifk8pkhcecbq2", "fields": {"session_data": "eyJfc2Vzc2lvbl9pbml0X3RpbWVzdGFtcF8iOjE2NzU3NTgzMTAuODgyODk3fQ:1pPJHq:CTZMYl0p5JBKXpwGDbpJJB7A3mc5dUGBe2qtsnaVGxY", "expire_date": "2023-02-21T08:25:10.887Z"}}, {"model": "sessions.session", "pk": "a7ewv4selttxq171p931zcn0ixrrenme", "fields": {"session_data": "e30:1pNBYs:Zd_WJF3aTUzp9vztPwoCLV2sDRNZYkY36oPwm7VDucQ", "expire_date": "2023-02-15T11:45:58.677Z"}}, {"model": "sessions.session", "pk": "ki7faf1p1hm2vpnhavcww0855kjw42t1", "fields": {"session_data": ".eJxVjEEOgjAQRe_StWna2s6AS_ecgcx0GEFNSSisjHdXEha6_e-9_zI9bevYb3VY-knMxXhz-t2Y8mMoO5A7ldts81zWZWK7K_ag1XazDM_r4f4djFTHb83MJNTiOauTRCAEQNAANpkDuVYJgneYgqp4pBgVwcWUNfgGHap5fwALSzgu:1pNgnO:_7LOwxj1if6oT9pWbZdn1_U2OhJ-I-BzExuX721oJP0", "expire_date": "2023-02-16T21:07:02.153Z"}}, {"model": "sessions.session", "pk": "o3h3at7b3zjtb1szxk4lzvqqa4zkb89g", "fields": {"session_data": ".eJxVjEEOgjAQRe_StWna2s6AS_ecgcx0GEFNSSisjHdXEha6_e-9_zI9bevYb3VY-knMxXhz-t2Y8mMoO5A7ldts81zWZWK7K_ag1XazDM_r4f4djFTHb83MJNTiOauTRCAEQNAANpkDuVYJgneYgqp4pBgVwcWUNfgGHap5fwALSzgu:1pNuoW:Mf32PYL0droxROxl2HALy19lXO1gKjiREUZ68IzWszc", "expire_date": "2023-02-17T12:05:08.768Z"}}, {"model": "sessions.session", "pk": "x2063m0ublrljqjf50a2cd418pvhj656", "fields": {"session_data": ".eJxVjEEOgjAQRe_StWna2s6AS_ecgcx0GEFNSSisjHdXEha6_e-9_zI9bevYb3VY-knMxXhz-t2Y8mMoO5A7ldts81zWZWK7K_ag1XazDM_r4f4djFTHb83MJNTiOauTRCAEQNAANpkDuVYJgneYgqp4pBgVwcWUNfgGHap5fwALSzgu:1pNQjE:5PHqnAq47Mx_SWJt8W8kRcJfzNRGtXpinFZD2YZ3kws", "expire_date": "2023-02-16T03:57:40.792Z"}}, {"model": "sessions.session", "pk": "ye3armez8dszo08veon2ini354xrwr9w", "fields": {"session_data": ".eJxVjEEOgjAQRe_StWna2s6AS_ecgcx0GEFNSSisjHdXEha6_e-9_zI9bevYb3VY-knMxXhz-t2Y8mMoO5A7ldts81zWZWK7K_ag1XazDM_r4f4djFTHb83MJNTiOauTRCAEQNAANpkDuVYJgneYgqp4pBgVwcWUNfgGHap5fwALSzgu:1pNRM0:tUKtPeHnug0nx4gxs-c04L9Jl45KPy5CQVoZ77flBDI", "expire_date": "2023-02-16T04:37:44.792Z"}}, {"model": "category.category", "pk": 5, "fields": {"category_name": "Health Drinks", "slug": "health-drinks", "description": "This is the health drinks section", "cat_image": "photos/categories/Apple_Cidar.jpg"}}, {"model": "category.category", "pk": 6, "fields": {"category_name": "Bathing Soap", "slug": "bathing-soap", "description": "This the organic bathing soap section", "cat_image": "photos/categories/ACTIVATED_CHARCOAL_1.jpg"}}, {"model": "category.category", "pk": 7, "fields": {"category_name": "Body Care", "slug": "body-care", "description": "This is the body care section", "cat_image": "photos/categories/gel_body_wash.jpg"}}, {"model": "category.category", "pk": 8, "fields": {"category_name": "Hair Care", "slug": "hair-care", "description": "This is the hair care section", "cat_image": "photos/categories/hair_cleanser.jpg"}}, {"model": "accounts.account", "pk": 1, "fields": {"password": "pbkdf2_sha256$260000$JA3BD1CKiw1l8GRSPjN99G$zSnTYKOxOnT36wJp/1RETWVNMzCzou6zaYPy7nGYbpA=", "first_name": "Kushal", "last_name": "Saini", "username": "Kushal", "email": "kushalsai2007@gmail.com", "phone_number": "7478082999", "date_joined": "2023-01-31T11:53:01.291Z", "last_login": "2023-02-07T08:22:13.794Z", "is_admin": true, "is_staff": true, "is_active": true, "is_superadmin": true}}, {"model": "accounts.account", "pk": 23, "fields": {"password": "pbkdf2_sha256$260000$tNUD2rhH96rGyDyjimqFBe$P2RLfjVEDoVCMpv5j0MbDRkY2OLDM6ecyeoLemjAGJw=", "first_name": "Uday", "last_name": "Saini", "username": "uday", "email": "uday@gmail.com", "phone_number": "9810398103", "date_joined": "2023-02-03T17:32:02.002Z", "last_login": "2023-02-03T17:44:41.754Z", "is_admin": false, "is_staff": false, "is_active": true, "is_superadmin": false}}, {"model": "accounts.account", "pk": 28, "fields": {"password": "pbkdf2_sha256$260000$S1eyBAQlylHiacc7LgrnNi$w9/R+vU48J1Ch6KgD11HopcIUd82sQJkJXhcfkG7des=", "first_name": "Kushal", "last_name": "1234567890", "username": "kushalsai1998", "email": "kushalsai1998@gmail.com", "phone_number": "1234567890", "date_joined": "2023-02-04T17:52:28.815Z", "last_login": "2023-02-04T17:52:28.815Z", "is_admin": false, "is_staff": false, "is_active": true, "is_superadmin": false}}, {"model": "accounts.userprofile", "pk": 1, "fields": {"user": 1, "address_line_1": "396 Shahbad Daulat Pur", "address_line_2": "Near PNB", "profile_picture": "userprofile/YUAR_ESSENTIAL_LOGO_wI2CKQZ.jpg", "city": "Delhi", "state": "New Delhi", "country": "India"}}, {"model": "accounts.userprofile", "pk": 2, "fields": {"user": 23, "address_line_1": "", "address_line_2": "", "profile_picture": "userprofile/shirts.jpg", "city": "", "state": "", "country": ""}}, {"model": "accounts.userprofile", "pk": 7, "fields": {"user": 28, "address_line_1": "", "address_line_2": "", "profile_picture": "default/default.png", "city": "", "state": "", "country": ""}}, {"model": "store.product", "pk": 5, "fields": {"product_name": "Apple Cider", "slug": "apple-cider", "description": "Drink Healthy", "price": 299, "images": "photos/products/Apple_Cidar.jpg", "stock": 774, "is_available": true, "category": 5, "created_date": "2023-02-02T13:50:36.270Z", "modified_date": "2023-02-04T09:22:30.695Z"}}, {"model": "store.product", "pk": 6, "fields": {"product_name": "Activated Charcoal", "slug": "activated-charcoal", "description": "This is the best organic soap", "price": 199, "images": "photos/products/ACTIVATED_CHARCOAL_1.jpg", "stock": 993, "is_available": true, "category": 6, "created_date": "2023-02-02T13:52:30.168Z", "modified_date": "2023-02-03T18:54:24.559Z"}}, {"model": "store.product", "pk": 7, "fields": {"product_name": "Bamboo Charcoal", "slug": "bamboo-charcoal", "description": "This the best bathing soap", "price": 122, "images": "photos/products/BAMBOO_CHARCOAL.jpg", "stock": 0, "is_available": true, "category": 6, "created_date": "2023-02-02T13:53:19.524Z", "modified_date": "2023-02-04T09:10:58.682Z"}}, {"model": "store.product", "pk": 8, "fields": {"product_name": "Chocolate", "slug": "chocolate", "description": "This is the chocolate soap", "price": 159, "images": "photos/products/CHOCOLATE.jpg", "stock": 19, "is_available": true, "category": 6, "created_date": "2023-02-02T13:53:57.790Z", "modified_date": "2023-02-03T08:24:25.560Z"}}, {"model": "store.product", "pk": 9, "fields": {"product_name": "Neem & Aloevera Body Wash", "slug": "neem-aloevera-body-wash", "description": "This is a body wash", "price": 229, "images": "photos/products/gel_body_wash.jpg", "stock": 66, "is_available": true, "category": 7, "created_date": "2023-02-02T13:56:43.268Z", "modified_date": "2023-02-02T13:56:43.268Z"}}, {"model": "store.product", "pk": 10, "fields": {"product_name": "Neem & Aloe vera hair cleanser", "slug": "neem-aloe-vera-hair-cleanser", "description": "This is the hair cleanser", "price": 189, "images": "photos/products/hair_cleanser.jpg", "stock": 56, "is_available": true, "category": 8, "created_date": "2023-02-02T13:58:15.867Z", "modified_date": "2023-02-03T18:18:43.028Z"}}, {"model": "store.product", "pk": 11, "fields": {"product_name": "Neem & Aloevera Hair conditioner", "slug": "neem-aloevera-hair-conditioner", "description": "This is a hair conditioner", "price": 159, "images": "photos/products/hair_conditioner.jpg", "stock": 77, "is_available": true, "category": 8, "created_date": "2023-02-02T13:59:05.225Z", "modified_date": "2023-02-02T13:59:05.225Z"}}, {"model": "store.product", "pk": 12, "fields": {"product_name": "Neem & Aloevera body lotion", "slug": "neem-aloevera-body-lotion", "description": "This is the body lotion", "price": 349, "images": "photos/products/moisturizer_body_lotion.jpg", "stock": 0, "is_available": true, "category": 7, "created_date": "2023-02-02T14:00:24.895Z", "modified_date": "2023-02-02T14:00:24.895Z"}}, {"model": "store.product", "pk": 13, "fields": {"product_name": "Papaya Soap", "slug": "papaya-soap", "description": "This is a demo", "price": 123, "images": "photos/products/PAPAYA_SOAP_1.jpg", "stock": 213, "is_available": true, "category": 6, "created_date": "2023-02-02T15:08:00.720Z", "modified_date": "2023-02-03T18:07:33.120Z"}}, {"model": "store.reviewrating", "pk": 2, "fields": {"product": 6, "user": 1, "subject": "New", "review": "New", "rating": 4.5, "ip": "127.0.0.1", "status": true, "created_at": "2023-02-03T11:17:01.100Z", "updated_at": "2023-02-03T17:18:09.060Z"}}, {"model": "store.reviewrating", "pk": 3, "fields": {"product": 8, "user": 1, "subject": "Best", "review": "Fragnance so good", "rating": 4.5, "ip": "127.0.0.1", "status": true, "created_at": "2023-02-03T11:18:39.344Z", "updated_at": "2023-02-03T11:18:39.344Z"}}, {"model": "store.reviewrating", "pk": 4, "fields": {"product": 6, "user": 23, "subject": "My Best", "review": "New Test", "rating": 5.0, "ip": "127.0.0.1", "status": true, "created_at": "2023-02-03T17:51:43.580Z", "updated_at": "2023-02-03T17:51:43.580Z"}}, {"model": "store.productgallery", "pk": 1, "fields": {"product": 13, "image": "store/products/PAPAYA_SOAP.jpg"}}, {"model": "store.productgallery", "pk": 2, "fields": {"product": 13, "image": "store/products/PAPAYA_SOAP_1.jpg"}}, {"model": "store.productgallery", "pk": 3, "fields": {"product": 10, "image": "store/products/hair_cleanser.jpg"}}, {"model": "cart.cart", "pk": 29, "fields": {"cart_id": "6syx45syl47pifex3nodcvhjhune8h8y", "date_added": "2023-02-02"}}, {"model": "cart.cart", "pk": 30, "fields": {"cart_id": "whhqinbi8vdxsdzwcjr2437kpq5c2b6u", "date_added": "2023-02-02"}}, {"model": "cart.cart", "pk": 31, "fields": {"cart_id": "cq7m4i39l8xcone9cxnqzixmviqfo19e", "date_added": "2023-02-02"}}, {"model": "cart.cart", "pk": 32, "fields": {"cart_id": "mhlbjsmnsi1laf4iacxo9cpz50p2u0as", "date_added": "2023-02-02"}}, {"model": "cart.cart", "pk": 33, "fields": {"cart_id": "xv3kdw7t0hecnezdg3v3li8s9hqjtvl8", "date_added": "2023-02-02"}}, {"model": "cart.cart", "pk": 34, "fields": {"cart_id": "v78tixmdb15dywk3s2iyz54nitnzksrw", "date_added": "2023-02-02"}}, {"model": "cart.cart", "pk": 35, "fields": {"cart_id": "h2k6wu4fldpkcbv8y59ohvyyfjcsl1pe", "date_added": "2023-02-03"}}, {"model": "cart.cart", "pk": 36, "fields": {"cart_id": "q4dnw2skody2bbw0j7riqprgchlsixzt", "date_added": "2023-02-03"}}, {"model": "cart.cart", "pk": 37, "fields": {"cart_id": "mqwv8drstqnkjywo1u2hv1l73uqrlmym", "date_added": "2023-02-03"}}, {"model": "cart.cart", "pk": 38, "fields": {"cart_id": "zxny05d9xnqniy7zow0qj9mnuzen1fdx", "date_added": "2023-02-03"}}, {"model": "cart.cart", "pk": 39, "fields": {"cart_id": "99px0h1rigw7s2mc6xmhl43o2f704qu1", "date_added": "2023-02-04"}}, {"model": "cart.cart", "pk": 40, "fields": {"cart_id": "e8jqa6gkl4q6avzg8dp7sjoimk0qopzh", "date_added": "2023-02-04"}}, {"model": "cart.cart", "pk": 41, "fields": {"cart_id": "b8csskxmkkq1sd29j8ud6rqetncbvwv7", "date_added": "2023-02-04"}}, {"model": "orders.payment", "pk": 1, "fields": {"user": 1, "payment_id": "4Y153558FA869622Y", "payment_method": "PayPal", "amount_paid": "608.94", "status": "COMPLETED", "created_at": "2023-02-03T08:19:33.066Z"}}, {"model": "orders.payment", "pk": 2, "fields": {"user": 1, "payment_id": "6DE81570PK795151W", "payment_method": "PayPal", "amount_paid": "486.54", "status": "COMPLETED", "created_at": "2023-02-03T08:24:25.550Z"}}, {"model": "orders.payment", "pk": 3, "fields": {"user": 23, "payment_id": "66B84696SU8351841", "payment_method": "PayPal", "amount_paid": "405.96", "status": "COMPLETED", "created_at": "2023-02-03T17:50:51.271Z"}}, {"model": "orders.payment", "pk": 4, "fields": {"user": 1, "payment_id": "4XR95566A3934733U", "payment_method": "PayPal", "amount_paid": "202.98", "status": "COMPLETED", "created_at": "2023-02-03T18:54:24.547Z"}}, {"model": "orders.order", "pk": 11, "fields": {"user": 1, "payment": 1, "order_number": "2023020311", "first_name": "ksuhal", "last_name": "DFhsjbk", "phone": "1234567890", "email": "kushal@gmail.com", "address_line_1": "grsdtfgjk", "address_line_2": "htfdvbsjkn", "country": "vhmbjn,k", "state": "jhvbmj,k", "city": "gncfvjbhk", "order_note": "gsmgchgj", "order_total": 608.94, "tax": 11.94, "status": "New", "ip": "127.0.0.1", "is_ordered": true, "created_at": "2023-02-03T08:17:48.525Z", "updated_at": "2023-02-03T08:19:33.068Z"}}, {"model": "orders.order", "pk": 12, "fields": {"user": 1, "payment": 2, "order_number": "2023020312", "first_name": "Kushal", "last_name": "Saini", "phone": "1234567890", "email": "kushal@gmail.com", "address_line_1": "396 Shahbad", "address_line_2": "Near PNB", "country": "India", "state": "New Delhi", "city": "DElhi", "order_note": "Fast and secure", "order_total": 486.54, "tax": 9.54, "status": "New", "ip": "127.0.0.1", "is_ordered": true, "created_at": "2023-02-03T08:23:11.664Z", "updated_at": "2023-02-03T08:24:25.553Z"}}, {"model": "orders.order", "pk": 13, "fields": {"user": 23, "payment": 3, "order_number": "2023020313", "first_name": "Uday", "last_name": "Saini", "phone": "1234567890", "email": "uday@gmail.com", "address_line_1": "asdfghjkl", "address_line_2": "asdfghjkl", "country": "India", "state": "dewlhi", "city": "delhi", "order_note": "Test", "order_total": 405.96, "tax": 7.96, "status": "New", "ip": "127.0.0.1", "is_ordered": true, "created_at": "2023-02-03T17:49:55.946Z", "updated_at": "2023-02-03T17:50:51.274Z"}}, {"model": "orders.order", "pk": 14, "fields": {"user": 1, "payment": 4, "order_number": "2023020314", "first_name": "Kushal", "last_name": "Saini", "phone": "1234567890", "email": "Kushal@gmail.com", "address_line_1": "sdfghjk", "address_line_2": "sdfghjk", "country": "vghjs,h", "state": "dgfhsjk", "city": "hsgk", "order_note": "jkhksbsj", "order_total": 202.98, "tax": 3.98, "status": "New", "ip": "127.0.0.1", "is_ordered": true, "created_at": "2023-02-03T18:53:57.855Z", "updated_at": "2023-02-03T18:54:24.549Z"}}, {"model": "orders.order", "pk": 15, "fields": {"user": null, "payment": null, "order_number": "2023020415", "first_name": "Giolu", "last_name": "gvshjg", "phone": "1234567890", "email": "khsksab@fgh.com", "address_line_1": "wertyu", "address_line_2": "sdfgh", "country": "vbn", "state": "fghjk", "city": "sdfgh", "order_note": "sdfghjklsdgsbjs", "order_total": 914.94, "tax": 17.94, "status": "Completed", "ip": "127.0.0.1", "is_ordered": true, "created_at": "2023-02-04T09:20:47.815Z", "updated_at": "2023-02-04T09:24:17.692Z"}}, {"model": "orders.orderproduct", "pk": 1, "fields": {"order": 11, "payment": 1, "user": 1, "product": 6, "quantity": 3, "product_price": 199.0, "ordered": true, "created_at": "2023-02-03T08:19:33.073Z", "updated_at": "2023-02-03T08:19:33.075Z"}}, {"model": "orders.orderproduct", "pk": 2, "fields": {"order": 12, "payment": 2, "user": 1, "product": 8, "quantity": 3, "product_price": 159.0, "ordered": true, "created_at": "2023-02-03T08:24:25.557Z", "updated_at": "2023-02-03T08:24:25.558Z"}}, {"model": "orders.orderproduct", "pk": 3, "fields": {"order": 13, "payment": 3, "user": 23, "product": 6, "quantity": 2, "product_price": 199.0, "ordered": true, "created_at": "2023-02-03T17:50:51.278Z", "updated_at": "2023-02-03T17:50:51.280Z"}}, {"model": "orders.orderproduct", "pk": 4, "fields": {"order": 14, "payment": 4, "user": 1, "product": 6, "quantity": 1, "product_price": 199.0, "ordered": true, "created_at": "2023-02-03T18:54:24.553Z", "updated_at": "2023-02-03T18:54:24.557Z"}}]